电影名,年份,地区,剧情类型,导演,主演,评分,评论人数,简介
肖申克的救赎,1994 , 美国 , 犯罪 剧情, 弗兰克·德拉邦特 Frank Darabont   ,蒂姆·罗宾斯 Tim Robbins /...,9.7,1515996人评价,希望让人自由。
霸王别姬,1993 , 中国大陆 香港 , 剧情 爱情 同性, 陈凯歌 Kaige Chen   ,张国荣 Leslie Cheung / 张丰毅 Fengyi Zha...,9.6,1122301人评价,风华绝代。
这个杀手不太冷,1994 , 法国 , 剧情 动作 犯罪, 吕克·贝松 Luc Besson   ,让·雷诺 Jean Reno / 娜塔莉·波特曼 ...,9.4,1374098人评价,怪蜀黍和小萝莉不得不说的故事。
阿甘正传,1994 , 美国 , 剧情 爱情, 罗伯特·泽米吉斯 Robert Zemeckis   ,汤姆·汉克斯 Tom Hanks / ...,9.4,1186726人评价,一部美国近现代史。
美丽人生,1997 , 意大利 , 剧情 喜剧 爱情 战争, 罗伯托·贝尼尼 Roberto Benigni   ,罗伯托·贝尼尼 Roberto Beni...,9.5,695557人评价,最美的谎言。
千与千寻,2001 , 日本 , 剧情 动画 奇幻, 宫崎骏 Hayao Miyazaki   ,柊瑠美 Rumi Hîragi / 入野自由 Miy...,9.3,1216563人评价,最好的宫崎骏，最好的久石让。
泰坦尼克号,1997 , 美国 , 剧情 爱情 灾难, 詹姆斯·卡梅隆 James Cameron   ,莱昂纳多·迪卡普里奥 Leonardo...,9.4,1128363人评价,失去的才是永恒的。
辛德勒的名单,1993 , 美国 , 剧情 历史 战争, 史蒂文·斯皮尔伯格 Steven Spielberg   ,连姆·尼森 Liam Neeson...,9.5,618187人评价,拯救一个人，就是拯救整个世界。
盗梦空间,2010 , 美国 英国 , 剧情 科幻 悬疑 冒险, 克里斯托弗·诺兰 Christopher Nolan   ,莱昂纳多·迪卡普里奥 Le...,9.3,1179066人评价,诺兰给了我们一场无法盗取的梦。
忠犬八公的故事,2009 , 美国 英国 , 剧情, 莱塞·霍尔斯道姆 Lasse Hallström   ,理查·基尔 Richard Ger...,9.3,786713人评价,永远都不能忘记你所爱的人。
机器人总动员,2008 , 美国 , 爱情 科幻 动画 冒险, 安德鲁·斯坦顿 Andrew Stanton   ,本·贝尔特 Ben Burtt / 艾丽...,9.3,781370人评价,小瓦力，大人生。
三傻大闹宝莱坞,2009 , 印度 , 剧情 喜剧 爱情 歌舞, 拉库马·希拉尼 Rajkumar Hirani   ,阿米尔·汗 Aamir Khan / 卡...,9.2,1064764人评价,英俊版憨豆，高情商版谢耳朵。
放牛班的春天,2004 , 法国 瑞士 德国 , 剧情 音乐, 克里斯托夫·巴拉蒂 Christophe Barratier   ,热拉尔·朱尼奥 Gé...,9.3,740794人评价,天籁一般的童声，是最接近上帝的存在。
海上钢琴师,1998 , 意大利 , 剧情 音乐, 朱塞佩·托纳多雷 Giuseppe Tornatore   ,蒂姆·罗斯 Tim Roth / ...,9.2,866653人评价,每个人都要走一条自己坚定了的路，就算是粉身碎骨。
楚门的世界,1998 , 美国 , 剧情 科幻, 彼得·威尔 Peter Weir   ,金·凯瑞 Jim Carrey / 劳拉·琳妮 Lau...,9.2,823403人评价,如果再也不能见到你，祝你早安，午安，晚安。
大话西游之大圣娶亲,1995 , 香港 中国大陆 , 喜剧 爱情 奇幻 古装, 刘镇伟 Jeffrey Lau   ,周星驰 Stephen Chow / 吴孟达 Man Tat Ng...,9.2,826750人评价,一生所爱。
星际穿越,2014 , 美国 英国 加拿大 冰岛 , 剧情 科幻 冒险, 克里斯托弗·诺兰 Christopher Nolan   ,马修·麦康纳 Matthew Mc...,9.3,847174人评价,爱是一种力量，让我们超越时空感知它的存在。
龙猫,1988 , 日本 , 动画 奇幻 冒险, 宫崎骏 Hayao Miyazaki   ,日高法子 Noriko Hidaka / 坂本千夏 Ch...,9.2,732957人评价,人人心中都有个龙猫，童年就永远不会消失。
教父,1972 , 美国 , 剧情 犯罪, 弗朗西斯·福特·科波拉 Francis Ford Coppola   ,马龙·白兰度 M...,9.3,532484人评价,千万不要记恨你的对手，这样会让你失去理智。
熔炉,2011 , 韩国 , 剧情, 黄东赫 Dong-hyuk Hwang   ,孔侑 Yoo Gong / 郑有美 Yu-mi Jeong ...,9.3,486341人评价,我们一路奋战不是为了改变世界，而是为了不让世界改变我们。
无间道,2002 , 香港 , 剧情 犯罪 悬疑, 刘伟强 / 麦兆辉   ,刘德华 / 梁朝伟 / 黄秋生,9.2,680232人评价,香港电影史上永不过时的杰作。
疯狂动物城,2016 , 美国 , 喜剧 动画 冒险, 拜伦·霍华德 Byron Howard / 瑞奇·摩尔 Rich Moore   ,金妮弗·...,9.2,948348人评价,迪士尼给我们营造的乌托邦就是这样，永远善良勇敢，永远出乎意料。
当幸福来敲门,2006 , 美国 , 剧情 传记 家庭, 加布里尔·穆奇诺 Gabriele Muccino   ,威尔·史密斯 Will Smith ...,9.1,862898人评价,平民励志片。
怦然心动,2010 , 美国 , 剧情 喜剧 爱情, 罗伯·莱纳 Rob Reiner   ,玛德琳·卡罗尔 Madeline Carroll / 卡...,9.0,961101人评价,真正的幸福是来自内心深处。
触不可及,2011 , 法国 , 剧情 喜剧, 奥利维·那卡什 Olivier Nakache ,无介绍...,9.2,565292人评价,满满温情的高雅喜剧。
蝙蝠侠：黑暗骑士,2008 , 美国 英国 , 剧情 动作 科幻 犯罪 惊悚, 克里斯托弗·诺兰 Christopher Nolan   ,克里斯蒂安·贝尔 Christ...,9.1,555979人评价,无尽的黑暗。
乱世佳人,1939 , 美国 , 剧情 历史 爱情 战争, 维克多·弗莱明 Victor Fleming / 乔治·库克 George Cukor   ,费...,9.3,391580人评价,Tomorrow is another day.
活着,1994 , 中国大陆 香港 , 剧情 历史 家庭, 张艺谋 Yimou Zhang   ,葛优 You Ge / 巩俐 Li Gong / 姜武 Wu Jiang,9.2,440101人评价,张艺谋最好的电影。
控方证人,1957 , 美国 , 剧情 犯罪 悬疑, 比利·怀尔德 Billy Wilder   ,泰隆·鲍华 Tyrone Power / 玛琳·...,9.6,197238人评价,比利·怀德满分作品。
少年派的奇幻漂流,2012 , 美国 台湾 英国 加拿大 , 剧情 奇幻 冒险, 李安 Ang Lee   ,苏拉·沙玛 Suraj Sharma / 伊尔凡·可汗 Irrfan...,9.0,848265人评价,瑰丽壮观、无人能及的冒险之旅。
指环王3：王者无敌,2003 , 美国 新西兰 , 剧情 动作 奇幻 冒险, 彼得·杰克逊 Peter Jackson   ,维果·莫腾森 Viggo Mortensen / ...,9.2,429163人评价,史诗的终章。
摔跤吧！爸爸,2016 , 印度 , 剧情 传记 运动 家庭, 涅提·蒂瓦里 Nitesh Tiwari   ,阿米尔·汗 Aamir Khan / 法缇玛...,9.0,839005人评价,你不是在为你一个人战斗，你要让千千万万的女性看到女生并不是只能相夫教子。
天空之城,1986 , 日本 , 动画 奇幻 冒险, 宫崎骏 Hayao Miyazaki   ,田中真弓 Mayumi Tanaka / 横泽启子 Ke...,9.1,503523人评价,对天空的追逐，永不停止。
鬼子来了,2000 , 中国大陆 , 剧情 历史 战争, 姜文 Wen Jiang   ,姜文 Wen Jiang / 香川照之 Teruyuki Kagawa /...,9.2,357968人评价,对敌人的仁慈，就是对自己残忍。
天堂电影院,1988 , 意大利 法国 , 剧情 爱情, 朱塞佩·托纳多雷 Giuseppe Tornatore   ,安东内拉·阿蒂利 Anton...,9.2,414902人评价,那些吻戏，那些青春，都在影院的黑暗里被泪水冲刷得无比清晰。
十二怒汉,1957 , 美国 , 剧情, Sidney Lumet   ,亨利·方达 Henry Fonda / 马丁·鲍尔萨姆 Marti...,9.4,254883人评价,1957年的理想主义。
飞屋环游记,2009 , 美国 , 剧情 喜剧 动画 冒险, 彼特·道格特 Pete Docter / 鲍勃·彼德森 Bob Peterson   ,爱德...,9.0,766721人评价,最后那些最无聊的事情，才是最值得怀念的。
大话西游之月光宝盒,1995 , 香港 中国大陆 , 喜剧 爱情 奇幻 古装, 刘镇伟 Jeffrey Lau   ,周星驰 Stephen Chow / 吴孟达 Man Tat Ng...,9.0,668174人评价,旷古烁今。
哈尔的移动城堡,2004 , 日本 , 动画 奇幻 冒险, 宫崎骏 Hayao Miyazaki   ,倍赏千惠子 Chieko Baishô / 木村拓...,9.0,565215人评价,带着心爱的人在天空飞翔。
搏击俱乐部,1999 , 美国 德国 , 剧情 动作 悬疑 惊悚, 大卫·芬奇 David Fincher   ,爱德华·诺顿 Edward Norton / 布拉...,9.0,540298人评价,邪恶与平庸蛰伏于同一个母体，在特定的时间互相对峙。
罗马假日,1953 , 美国 , 喜剧 剧情 爱情, 威廉·惠勒 William Wyler   ,奥黛丽·赫本 Audrey Hepburn / 格...,9.0,571781人评价,爱情哪怕只有一天。
末代皇帝,1987 , 英国 意大利 中国大陆 法国 , 剧情 传记 历史, 贝纳尔多·贝托鲁奇 Bernardo Bertolucci   ,尊龙 John Lone / 陈...,9.2,349948人评价,“不要跟我比惨，我比你更惨”再适合这部电影不过了。
闻香识女人,1992 , 美国 , 剧情, 马丁·布莱斯 Martin Brest   ,阿尔·帕西诺 Al Pacino / 克里斯...,9.0,490016人评价,史上最美的探戈。
寻梦环游记,2017 , 美国 , 喜剧 动画 奇幻 音乐, 李·昂克里奇 Lee Unkrich / 阿德里安·莫利纳 Adrian Molina   ,...,9.0,801706人评价,死亡不是真的逝去，遗忘才是永恒的消亡。
辩护人,2013 , 韩国 , 剧情, 杨宇硕 Woo-seok Yang   ,宋康昊 Kang-ho Song / 吴达洙 Dal-su O...,9.2,337810人评价,电影的现实意义大过电影本身。
窃听风暴,2006 , 德国 , 剧情 悬疑," 弗洛里安·亨克尔·冯·多纳斯马尔克 Florian Henckel von Donnersmarck  &n...                            2006 ",无介绍...,9.1,338138人评价,别样人生。
素媛,2013 , 韩国 , 剧情, 李濬益 Jun-ik Lee   ,薛景求 Kyung-gu Sol / 严志媛 Ji-won Uhm ...,9.2,318595人评价,受过伤害的人总是笑得最开心，因为他们不愿意让身边的人承受一样的痛苦。
死亡诗社,1989 , 美国 , 剧情, 彼得·威尔 Peter Weir   ,罗宾·威廉姆斯 Robin Williams / 罗伯...,9.0,411999人评价,当一个死水般的体制内出现一个活跃的变数时，所有的腐臭都站在了光明的对面。
两杆大烟枪,1998 , 英国 , 剧情 喜剧 犯罪, Guy Ritchie   ,Jason Flemyng / Dexter Fletcher / Nick Moran,9.1,368000人评价,4个臭皮匠顶个诸葛亮，盖·里奇果然不是盖的。
飞越疯人院,1975 , 美国 , 剧情, 米洛斯·福尔曼 Miloš Forman   ,杰克·尼科尔森 Jack Nichols...,9.1,371735人评价,自由万岁。
指环王2：双塔奇兵,2002 , 美国 新西兰 , 剧情 动作 奇幻 冒险, 彼得·杰克逊 Peter Jackson   ,伊利亚·伍德 Elijah Wood / 西恩...,9.0,402670人评价,承前启后的史诗篇章。
教父2,1974 , 美国 , 剧情 犯罪, 弗朗西斯·福特·科波拉 Francis Ford Coppola   ,阿尔·帕西诺 A...,9.2,289326人评价,优雅的孤独。
指环王1：魔戒再现,2001 , 新西兰 美国 , 剧情 动作 奇幻 冒险, 彼得·杰克逊 Peter Jackson   ,伊利亚·伍德 Elijah Wood / 西恩...,9.0,451887人评价,传说的开始。
V字仇杀队,2005 , 美国 英国 德国 , 剧情 动作 科幻 惊悚, 詹姆斯·麦克特格 James McTeigue   ,娜塔莉·波特曼 Natalie Por...,8.9,630434人评价,一张面具背后的理想与革命。
狮子王,1994 , 美国 , 动画 冒险 歌舞, Roger Allers / 罗伯·明可夫 Rob Minkoff   ,乔纳森·泰勒·托马...,9.0,436884人评价,动物版《哈姆雷特》。
美丽心灵,2001 , 美国 , 传记 剧情, 朗·霍华德 Ron Howard   ,罗素·克劳 Russell Crowe / 艾德·哈...,9.0,439402人评价,爱是一切逻辑和原由。
饮食男女,1994 , 台湾 美国 , 剧情 家庭, 李安 Ang Lee   ,郎雄 Sihung Lung / 杨贵媚 Kuei-Mei Yang / 吴...,9.1,310566人评价,人生不能像做菜，把所有的料都准备好了才下锅。
海豚湾,2009 , 美国 , 纪录片, 路易·西霍尤斯 Louie Psihoyos   ,Richard O'Barry / 路易·西霍...,9.3,245122人评价,海豚的微笑，是世界上最高明的伪装。
情书,1995 , 日本 , 剧情 爱情, 岩井俊二 Shunji Iwai   ,中山美穗 Miho Nakayama / 丰川悦司 Ets...,8.9,541115人评价,暗恋的极致。
钢琴家,2002 , 法国 德国 英国 波兰 , 剧情 传记 历史 战争 音乐, 罗曼·波兰斯基 Roman Polanski   ,艾德里安·布洛迪 Adrien Brod...,9.1,290997人评价,音乐能化解仇恨。
本杰明·巴顿奇事,2008 , 美国 , 剧情 爱情 奇幻, 大卫·芬奇 David Fincher   ,凯特·布兰切特 Cate Blanchett / ...,8.9,573089人评价,在时间之河里感受溺水之苦。
看不见的客人,2016 , 西班牙 , 剧情 犯罪 悬疑 惊悚, 奥里奥尔·保罗 Oriol Paulo   ,马里奥·卡萨斯 Mario Casas / 阿...,8.8,629170人评价,你以为你以为的就是你以为的。
大闹天宫,1961(中国大陆) , 1964(中国大陆) , 动画 奇幻, 万籁鸣 Laiming Wan / 唐澄 Cheng  Tang   ,邱岳峰 Yuefeng Qiu /...,9.3,186993人评价,经典之作，历久弥新。
哈利·波特与魔法石,2001 , 美国 英国 , 奇幻 冒险, Chris Columbus   ,Daniel Radcliffe / Emma Watson / Rupert Grint,8.9,461693人评价,童话世界的开端。
黑客帝国,1999 , 美国 澳大利亚 , 动作 科幻, 安迪·沃卓斯基 Andy Wachowski ,无介绍...,8.9,431098人评价,视觉革命。
小鞋子,1997 , 伊朗 , 剧情 儿童 家庭, 马基德·马基迪 Majid Majidi   ,法拉赫阿米尔·哈什米安 Amir Fa...,9.2,216183人评价,奔跑的孩子是天使。
西西里的美丽传说,2000 , 意大利 美国 , 剧情 战争 情色, 朱塞佩·托纳多雷 Giuseppe Tornatore   ,莫妮卡·贝鲁奇 Monica ...,8.8,548106人评价,美丽无罪。
美国往事,1984 , 意大利 美国 , 犯罪 剧情, 赛尔乔·莱翁内 Sergio Leone   ,罗伯特·德尼罗 Robert De Niro ...,9.1,246751人评价,往事如烟，无处祭奠。
何以为家,2018 , 黎巴嫩 法国 美国 , 剧情, 娜丁·拉巴基 Nadine Labaki   ,扎因·拉费阿 Zain al-Rafeea / ...,9.1,340610人评价,凝视卑弱生命，用电影改变命运。
拯救大兵瑞恩,1998 , 美国 , 剧情 历史 战争, 史蒂文·斯皮尔伯格 Steven Spielberg   ,汤姆·汉克斯 Tom Hanks...,9.0,367259人评价,美利坚精神输出大片No1.
让子弹飞,2010 , 中国大陆 香港 , 剧情 喜剧 动作 西部, 姜文 Wen Jiang   ,姜文 Wen Jiang / 葛优 You Ge / 周润发 Yun-F...,8.8,930727人评价,你给我翻译翻译，神马叫做TMD的惊喜。
音乐之声,1965 , 美国 , 剧情 传记 爱情 歌舞, 罗伯特·怀斯 Robert Wise   ,朱莉·安德鲁斯 Julie Andrews / 克...,9.0,337449人评价,用音乐化解仇恨，让歌声串起美好。
致命魔术,2006 , 美国 英国 , 剧情 悬疑 惊悚, 克里斯托弗·诺兰 Christopher Nolan   ,休·杰克曼 Hugh Jackman...,8.8,494653人评价,孪生蝙蝠侠大战克隆金刚狼。
七宗罪,1995 , 美国 , 剧情 犯罪 悬疑 惊悚, 大卫·芬奇 David Fincher   ,摩根·弗里曼 Morgan Freeman / 布...,8.8,590238人评价,警察抓小偷，老鼠玩死猫。
猫鼠游戏,2002 , 美国 加拿大 , 传记 犯罪 剧情, 史蒂文·斯皮尔伯格 Steven Spielberg   ,莱昂纳多·迪卡普里奥 L...,8.9,399681人评价,骗子大师和执著警探的你追我跑故事。
被嫌弃的松子的一生,2006 , 日本 , 剧情 歌舞, 中岛哲也 Tetsuya Nakashima   ,中谷美纪 Miki Nakatani / 瑛太 E...,8.9,442351人评价,以戏谑来戏谑戏谑。
低俗小说,1994 , 美国 , 剧情 喜剧 犯罪, 昆汀·塔伦蒂诺 Quentin Tarantino   ,约翰·特拉沃尔塔 John Tra...,8.8,490940人评价,故事的高级讲法。
沉默的羔羊,1991 , 美国 , 剧情 犯罪 惊悚, 乔纳森·戴米 Jonathan Demme   ,朱迪·福斯特 Jodie Foster / 安...,8.8,494456人评价,安东尼·霍普金斯的顶级表演。
蝴蝶效应,2004 , 美国 加拿大 , 剧情 悬疑 科幻 惊悚, 埃里克·布雷斯 Eric Bress ,无介绍...,8.8,544803人评价,人的命运被自己瞬间的抉择改变。
春光乍泄,1997 , 香港 日本 韩国 , 剧情 爱情 同性, 王家卫 Kar Wai Wong   ,张国荣 Leslie Cheung / 梁朝伟 Tony Leu...,8.9,364752人评价,爱情纠缠，男女一致。
天使爱美丽,2001 , 法国 德国 , 喜剧 爱情, 让-皮埃尔·热内 Jean-Pierre Jeunet   ,奥黛丽·塔图 Audrey Tau...,8.7,654255人评价,法式小清新。
勇敢的心,1995 , 美国 , 动作 传记 剧情 历史 战争, 梅尔·吉布森 Mel Gibson   ,梅尔·吉布森 Mel Gibson / 苏菲·玛...,8.9,386225人评价,史诗大片的典范。
剪刀手爱德华,1990 , 美国 , 剧情 奇幻 爱情, 蒂姆·波顿 Tim Burton   ,约翰尼·德普 Johnny Depp / 薇诺娜·...,8.7,671798人评价,浪漫忧郁的成人童话。
穿条纹睡衣的男孩,2008 , 英国 美国 , 剧情 战争, 马克·赫尔曼 Mark Herman   ,阿萨·巴特菲尔德 Asa Butterfield ...,9.0,253548人评价,尽管有些不切实际的幻想，这部电影依旧是一部感人肺腑的佳作。
心灵捕手,1997 , 美国 , 剧情, 格斯·范·桑特 Gus Van Sant   ,马特·达蒙 Matt Damon / 罗宾·...,8.8,400172人评价,人生中应该拥有这样的一段豁然开朗。
禁闭岛,2010 , 美国 , 剧情 悬疑 惊悚, Martin Scorsese   ,莱昂纳多·迪卡普里奥 Leonardo DiCaprio / ...,8.8,533313人评价,昔日翩翩少年，今日大腹便便。
布达佩斯大饭店,2014 , 美国 德国 英国 , 剧情 喜剧 冒险, 韦斯·安德森 Wes Anderson   ,拉尔夫·费因斯 Ralph Fiennes / ...,8.8,496319人评价,小清新的故事里注入了大历史的情怀。
阿凡达,2009 , 美国 英国 , 动作 战争 科幻 冒险, 詹姆斯·卡梅隆 James Cameron   ,萨姆·沃辛顿 Sam Worthington ...,8.7,781011人评价,绝对意义上的美轮美奂。
入殓师,2008 , 日本 , 剧情, 泷田洋二郎 Yôjirô Takita   ,本木雅弘 Masahiro Motoki / ...,8.8,400249人评价,死可能是一道门，逝去并不是终结，而是超越，走向下一程。
幽灵公主,1997 , 日本 , 动画 奇幻 冒险, 宫崎骏 Hayao Miyazaki   ,松田洋治 Yôji Matsuda / 石田百合...,8.9,334867人评价,人与自然的战争史诗。
加勒比海盗,2003 , 美国 , 动作 冒险 奇幻, 戈尔·维宾斯基 Gore Verbinski   ,约翰尼·德普 Johnny Depp / ...,8.7,514973人评价,约翰尼·德普的独角戏。
致命ID,2003 , 美国 , 剧情 悬疑 惊悚, James Mangold   ,John Cusack / Ray Liotta / Amanda Peet,8.7,452577人评价,最不可能的那个人永远是最可能的。
摩登时代,1936 , 美国 , 剧情 喜剧 爱情, 查理·卓别林 Charles Chaplin   ,查理·卓别林 Charles Chaplin ...,9.3,147229人评价,大时代中的人生，小人物的悲喜。
阳光灿烂的日子,1994 , 中国大陆 香港 , 剧情 爱情, 姜文 Wen Jiang   ,夏雨 Yu Xia / 宁静 Jing Ning / 陶虹 Hong Tao,8.8,377398人评价,一场华丽的意淫。
断背山,2005 , 美国 加拿大 , 剧情 爱情 同性 家庭, 李安 Ang Lee   ,希斯·莱杰 Heath Ledger / 杰克·吉伦哈尔 Jake...,8.7,446056人评价,每个人心中都有一座断背山。
第六感,1999 , 美国 , 剧情 悬疑 惊悚, M·奈特·沙马兰 M. Night Shyamalan   ,布鲁斯·威利斯 Bruce Wi...,8.8,324288人评价,深入内心的恐怖，出人意料的结局。
重庆森林,1994 , 香港 , 剧情 爱情, 王家卫 Kar Wai Wong   ,林青霞 Brigitte Lin / 金城武 Takeshi K...,8.7,468529人评价,寂寞没有期限。
狩猎,2012 , 丹麦 瑞典 , 剧情, 托马斯·温特伯格 Thomas Vinterberg   ,麦斯·米科尔森 Mads Mik...,9.1,195465人评价,人言可畏。
玛丽和马克思,2009 , 澳大利亚 , 剧情 喜剧 动画, 亚当·艾略特 Adam Elliot   ,托妮·科莱特 Toni Collette / 菲利...,8.9,288775人评价,你是我最好的朋友，你是我唯一的朋友 。
喜剧之王,1999 , 香港 , 喜剧 剧情 爱情, 周星驰 Stephen Chow / 李力持 Lik-Chi Lee   ,周星驰 Stephen Ch...,8.7,508451人评价,我是一个演员。
消失的爱人,2014 , 美国 , 剧情 犯罪 悬疑 惊悚, 大卫·芬奇 David Fincher   ,本·阿弗莱克 Ben Affleck / 罗莎蒙...,8.7,521348人评价,年度最佳date movie。
告白,2010 , 日本 , 剧情 惊悚, 中岛哲也 Tetsuya Nakashima   ,松隆子 Takako Matsu / 冈田将生 ...,8.7,465251人评价,没有一人完全善，也没有一人完全恶。
大鱼,2003 , 美国 , 剧情 家庭 奇幻 冒险, 蒂姆·波顿 Tim Burton   ,伊万·麦克格雷格 Ewan McGregor / 阿...,8.8,345284人评价,抱着梦想而活着的人是幸福的，怀抱梦想而死去的人是不朽的。
一一,2000 , 台湾 日本 , 剧情 爱情 家庭, 杨德昌 Edward Yang   ,吴念真 / 李凯莉 Kelly Lee / 金燕玲 Elai...,9.0,209174人评价,我们都曾经是一一。
小森林 夏秋篇,2014 , 日本 , 剧情, 森淳一 Junichi Mori   ,桥本爱 Ai Hashimoto / 三浦贵大 Takahir...,9.0,223729人评价,那些静得只能听见呼吸的日子里，你明白孤独即生活。
阳光姐妹淘,2011 , 韩国 , 剧情 喜剧, 姜炯哲 Hyeong-Cheol Kang   ,沈恩京 Eun-kyung Shim / 闵孝琳 Hy...,8.8,375354人评价,再多各自牛逼的时光，也比不上一起傻逼的岁月。
爱在黎明破晓前,1995 , 美国 奥地利 瑞士 , 剧情 爱情, 理查德·林克莱特 Richard Linklater   ,伊桑·霍克 Ethan Hawke ...,8.8,324270人评价,缘分是个连绵词，最美不过一瞬。
射雕英雄传之东成西就,1993 , 香港 , 喜剧 奇幻 武侠 古装, 刘镇伟 Jeffrey Lau   ,梁朝伟 Tony Leung Chiu Wai / 林青霞 Bri...,8.7,382321人评价,百看不厌。
请以你的名字呼唤我,2017 , 意大利 法国 巴西 美国 荷兰 德国 , 剧情 爱情 同性, 卢卡·瓜达尼诺 Luca Guadagnino   ,艾米·汉莫 Armie Hammer / ...,8.8,323322人评价,沉醉在电影的情感和视听氛围中无法自拔。
甜蜜蜜,1996 , 香港 , 剧情 爱情, 陈可辛 Peter Chan   ,黎明 Leon Lai / 张曼玉 Maggie Cheung / ...,8.8,305522人评价,相逢只要一瞬间，等待却像是一辈子。
侧耳倾听,1995 , 日本 , 剧情 爱情 动画, 近藤喜文 Yoshifumi Kondo   ,本名阳子 Youko Honna / 小林桂树 K...,8.9,253990人评价,少女情怀总是诗。
红辣椒,2006 , 日本 , 动画 悬疑 科幻 惊悚, 今敏 Satoshi Kon   ,林原惠美 Megumi Hayashibara / 江守彻 Toru...,8.9,208766人评价,梦的勾结。
驯龙高手,2010 , 美国 , 动画 奇幻 冒险, 迪恩·德布洛斯 Dean DeBlois / 克里斯·桑德斯 Chris Sanders   ,...,8.7,435035人评价,和谐的生活离不开摸头与被摸头。
倩女幽魂,1987 , 香港 , 爱情 奇幻 武侠 古装, 程小东 Siu-Tung Ching   ,张国荣 Leslie Cheung / 王祖贤 Joey W...,8.7,396432人评价,两张绝世的脸。
超脱,2011 , 美国 , 剧情, 托尼·凯耶 Tony Kaye   ,艾德里安·布洛迪 Adrien Brody / 马西...,8.8,254928人评价,穷尽一生，我们要学会的，不过是彼此拥抱。
恐怖直播,2013 , 韩国 , 剧情 犯罪 悬疑, 金秉祐 Byeong-woo Kim   ,河正宇 Jung-woo Ha / 李璟荣 Kyeong-y...,8.7,346422人评价,恐怖分子的“秋菊打官司”。
菊次郎的夏天,1999 , 日本 , 剧情 喜剧, 北野武 Takeshi Kitano   ,北野武 Takeshi Kitano / 关口雄介 Yus...,8.8,281602人评价,从没见过那么流氓的温柔，从没见过那么温柔的流氓。
风之谷,1984 , 日本 , 动画 奇幻 冒险, 宫崎骏 Hayao Miyazaki   ,岛本须美 Sumi Shimamoto / 松田洋治 Y...,8.8,244699人评价,动画片的圣经。
爱在日落黄昏时,2004 , 美国 , 剧情 爱情, 理查德·林克莱特 Richard Linklater   ,伊桑·霍克 Ethan Hawke ...,8.8,282716人评价,九年后的重逢是世俗和责任的交叠，没了悸动和青涩，沧桑而温暖。
小森林 冬春篇,2015 , 日本 , 剧情, 森淳一 Junichi Mori   ,桥本爱 Ai Hashimoto / 三浦贵大 Takahir...,9.0,194420人评价,尊敬他人，尊敬你生活的这片土地，明白孤独是人生的常态。
杀人回忆,2003 , 韩国 , 犯罪 剧情 悬疑 惊悚, 奉俊昊 Joon-ho Bong   ,宋康昊 Kang-ho Song / 金相庆 Sang-kyun...,8.7,309061人评价,关于连环杀人悬案的集体回忆。
哈利·波特与死亡圣器(下),2011 , 美国 英国 , 剧情 悬疑 奇幻 冒险, 大卫·叶茨 David Yates   ,丹尼尔·雷德克里夫 Daniel Radcliffe...,8.7,405217人评价,10年的完美句点。
7号房的礼物,2013 , 韩国 , 剧情 喜剧 家庭, 李焕庆 Hwan-kyeong Lee   ,柳承龙 Seung-yong Ryoo / 朴信惠 Shi...,8.8,273497人评价,《我是山姆》的《美丽人生》。
幸福终点站,2004 , 美国 , 喜剧 剧情 爱情, 史蒂文·斯皮尔伯格 Steven Spielberg   ,汤姆·汉克斯 Tom Hanks...,8.7,308538人评价,有时候幸福需要等一等。
上帝之城,2002 , 巴西 法国 , 犯罪 剧情, Kátia Lund / Fernando Meirelles   ,Alexandre Rodrigues / Lea...,8.9,199419人评价,被上帝抛弃了的上帝之城。
蝙蝠侠：黑暗骑士崛起,2012 , 美国 英国 , 剧情 动作 科幻 犯罪 惊悚, 克里斯托弗·诺兰 Christopher Nolan   ,克里斯蒂安·贝尔 Christ...,8.7,413026人评价,诺兰就是保证。
海蒂和爷爷,2015 , 德国 瑞士 南非 , 剧情 冒险 家庭, 阿兰·葛斯彭纳 Alain Gsponer   ,阿努克·斯特芬 Anuk Steffen /...,9.1,138350人评价,如果生活中有什么使你感到快乐，那就去做吧！不要管别人说什么。
借东西的小人阿莉埃蒂,2010 , 日本 , 动画 奇幻 冒险, 米林宏昌 Hiromasa Yonebayashi   ,志田未来 Mirai Shida / 神木...,8.8,306516人评价,曾经的那段美好会沉淀为一辈子的记忆。
萤火之森,2011 , 日本 , 剧情 爱情 动画 奇幻, 大森贵弘 Takahiro Omori   ,佐仓绫音 Ayane Sakura / 内山昂辉 K...,8.8,258633人评价,触不到的恋人。
超能陆战队,2014 , 美国 , 喜剧 动作 科幻 动画 冒险, 唐·霍尔 Don Hall / 克里斯·威廉姆斯 Chris Williams   ,斯科特...,8.6,559790人评价,Balalala~~~
唐伯虎点秋香,1993 , 香港 , 喜剧 爱情 古装, 李力持 Lik-Chi Lee   ,周星驰 Stephen Chow / 巩俐 Li Gong / 陈...,8.5,540276人评价,华太师是黄霑，吴镇宇四大才子之一。
神偷奶爸,2010 , 美国 法国 , 喜剧 动画 冒险, 皮艾尔·柯芬 Pierre Coffin / 克里斯·雷纳德 Chris Renaud   ,...,8.5,567728人评价,Mr. I Don't Care其实也有Care的时候。
无人知晓,2004 , 日本 , 剧情, 是枝裕和 Hirokazu Koreeda   ,柳乐优弥 Yûya Yagira / 北浦爱...,9.1,131479人评价,我的平常生活就是他人的幸福。
怪兽电力公司,2001 , 美国 , 儿童 喜剧 动画 奇幻 冒险, 彼特·道格特 Pete Docter / 大卫·斯沃曼 David Silverman   ,约...,8.6,360762人评价,不要给它起名字，起了名字就有感情了。
岁月神偷,2010 , 香港 中国大陆 , 剧情 家庭, 罗启锐 Alex Law   ,吴君如 Sandra Ng / 任达华 Simon Yam / 钟绍...,8.7,392633人评价,岁月流逝，来日可追。
电锯惊魂,2004 , 美国 , 悬疑 惊悚 恐怖, 詹姆斯·温 James Wan   ,雷·沃纳尔 Leigh Whannell / 加利·艾...,8.7,285391人评价,真相就在眼前。
玩具总动员3,2010 , 美国 , 喜剧 动画 奇幻 冒险, 李·昂克里奇 Lee Unkrich   ,汤姆·汉克斯 Tom Hanks / 蒂姆·艾...,8.8,276437人评价,跨度十五年的欢乐与泪水。
谍影重重3,2007 , 美国 德国 , 动作 悬疑 惊悚, 保罗·格林格拉斯 Paul Greengrass   ,马特·达蒙 Matt Damon / ...,8.8,253191人评价,像吃了苏打饼一样干脆的电影。
七武士,1954 , 日本 , 动作 冒险 剧情, 黑泽明 Akira Kurosawa   ,三船敏郎 Toshirô Mifune / 志村乔 ...,9.2,108361人评价,时代悲歌。
疯狂原始人,2013 , 美国 , 喜剧 动画 冒险, 科克·德·米科 Kirk De Micco / 克里斯·桑德斯 Chris Sanders   ,无介绍...,8.7,514709人评价,老少皆宜，这就是好莱坞动画的魅力。
血战钢锯岭,2016 , 美国 澳大利亚 , 剧情 传记 历史 战争, 科克·德·米科 Kirk De Micco ,安德鲁·加菲尔德 Andrew Garfield /...,8.7,468925人评价,优秀的战争片不会美化战场，不会粉饰死亡，不会矮化敌人，不会无视常识，最重要的，不会宣扬战争。
喜宴,1993 , 台湾 美国 , 剧情 喜剧 爱情 同性 家庭, 梅尔·吉布森 Mel Gibson   ,赵文瑄 Winston Chao / 郎雄 Sihung Lung / 归亚...,8.9,194005人评价,中国家庭的喜怒哀乐忍。
英雄本色,1986 , 香港 , 剧情 动作 犯罪, 李安 Ang Lee   ,周润发 Yun-Fat Chow / 狄龙 Lung Ti / 张国...,8.6,274316人评价,英雄泪短，兄弟情长。
真爱至上,2003 , 英国 美国 法国 , 喜剧 剧情 爱情, 吴宇森 John Woo   ,休·格兰特 Hugh Grant / 柯林...,8.6,428514人评价,爱，是个动词。
东邪西毒,1994 , 香港 台湾 , 剧情 动作 爱情 武侠 古装, 理查德·柯蒂斯 Richard Curtis   ,张国荣 Leslie Cheung / 林青霞 Brigitte...,8.6,360145人评价,电影诗。
萤火虫之墓,1988 , 日本 , 动画 剧情 战争, 王家卫 Kar Wai Wong   ,辰己努 / 白石绫乃 / 志乃原良子,8.7,270593人评价,幸福是生生不息，却难以触及的远。
傲慢与偏见,2005 , 法国 英国 美国 , 剧情 爱情, 高畑勋 Isao Takahata   ,凯拉·奈特莉 Keira Knightley / 马修·...,8.5,426994人评价,爱是摈弃傲慢与偏见之后的曙光。
贫民窟的百万富翁,2008 , 英国 美国 , 剧情 爱情, 乔·怀特 Joe Wright   ,戴夫...,8.6,496037人评价,上帝之城+猜火车+阿甘正传+开心辞典=山寨富翁
时空恋旅人,2013 , 英国 , 喜剧 爱情 奇幻, 丹尼·鲍尔 Danny Boyle / 洛芙琳·坦丹 Loveleen Tandan   ,多姆纳尔·格里森 Domhnall Gl...,8.7,300639人评价,把每天当作最后一天般珍惜度过，积极拥抱生活，就是幸福。
黑天鹅,2010 , 美国 , 剧情 惊悚, 理查德·柯蒂斯 Richard Curtis   ,娜塔莉·波特曼 Natalie...,8.5,546596人评价,黑暗之美。
记忆碎片,2000 , 美国 , 犯罪 剧情 悬疑 惊悚, 克里斯托弗·诺兰 Christopher Nolan   ,盖·皮尔斯 Guy Pearce /...,8.6,371520人评价,一个针管引发的血案。
心迷宫,2014 , 中国大陆 , 剧情 犯罪 悬疑, 忻钰坤 Yukun Xin   ,霍卫民 Weimin Huo / 王笑天 Xiaotian Wang ...,8.7,272370人评价,荒诞讽刺，千奇百巧，抽丝剥茧，百转千回。
纵横四海,1991 , 香港 , 剧情 喜剧 动作 犯罪, 吴宇森 John Woo   ,周润发 Yun-Fat Chow / 张国荣 Leslie Cheung...,8.8,224788人评价,香港浪漫主义警匪动作片的巅峰之作。
教父3,1990 , 美国 , 剧情 犯罪, 弗朗西斯·福特·科波拉 Francis Ford Coppola   ,阿尔·帕西诺 A...,8.8,190401人评价,任何信念的力量，都无法改变命运。
荒蛮故事,2014 , 阿根廷 西班牙 , 剧情 喜剧 犯罪, 达米安·斯兹弗隆 Damián Szifron   ,达里奥·葛兰帝内提 Darío...,8.8,221709人评价,始于荒诞，止于更荒诞。
完美的世界,1993 , 美国 , 剧情 犯罪, 克林特·伊斯特伍德 Clint Eastwood   ,凯文·科斯特纳 Kevin Cos...,9.1,121956人评价,坏人的好总是比好人的好来得更感人。
我不是药神,2018 , 中国大陆 , 剧情 喜剧, 文牧野 Muye Wen   ,徐峥 Zheng Xu / 王传君 Chuanjun Wang / 周...,9.0,1169878人评价,Jared Leto的腿比女人还美！
达拉斯买家俱乐部,2013 , 美国 , 剧情 传记 同性, 让-马克·瓦雷 Jean-Marc Vallée   ,马修·麦康纳 Matthew McCon...,8.7,263127人评价,生活在自己的世界里，也可以让周围的人显得可笑和渺小。
雨人,1988 , 美国 , 剧情, 巴瑞·莱文森 Barry Levinson   ,达斯汀·霍夫曼 Dustin Hoffman ...,8.7,266360人评价,偷情本没有这样美。
花样年华,2000 , 香港 , 剧情 爱情, 王家卫 Kar Wai Wong   ,梁朝伟 Tony Leung Chiu Wai / 张曼玉 Ma...,8.6,335415人评价,怼天怼地，你走后，她与世界为敌。
三块广告牌,2017 , 美国 英国 , 剧情 犯罪, 马丁·麦克唐纳 Martin McDonagh   ,弗兰西斯·麦克多蒙德 France...,8.7,490130人评价,热血沸腾，那个低俗、性感的无耻混蛋又来了。
被解救的姜戈,2012 , 美国 , 剧情 动作 西部 冒险, 昆汀·塔伦蒂诺 Quentin Tarantino   ,杰米·福克斯 Jamie Foxx /...,8.7,355281人评价,当这个世界闭上双眼，他却敞开了怀抱。
卢旺达饭店,2004 , 英国 南非 意大利 美国 , 剧情 历史 战争, 特瑞·乔治 Terry George   ,唐·钱德尔 Don Cheadle / 苏菲·奥...,8.9,160641人评价,我们都有权利不与自己的过去和解。
海边的曼彻斯特,2016 , 美国 , 剧情 家庭, 肯尼斯·罗纳根 Kenneth Lonergan   ,卡西·阿弗莱克 Casey Affle...,8.6,292984人评价,穿越错位的时空，仰望陨落的星辰，你没留下你的名字，我却无法忘记那句“我爱你”。
你的名字。,2016 , 日本 , 剧情 爱情 动画, 新海诚 Makoto Shinkai   ,神木隆之介 Ryûnosuke Kamiki / 上...,8.4,749461人评价,愿我们都不用长大，每一座城堡都能永远存在。
头脑特工队,2015 , 美国 , 喜剧 动画 冒险, 彼特·道格特 Pete Docter ,无介绍...,8.7,337288人评价,感情不分食草或者食肉。
你看起来好像很好吃,2010 , 日本 , 剧情 动画 儿童, 藤森雅也 Masaya Fujimori   ,山口胜平 Kappei Yamaguchi / 爱河...,8.8,200998人评价,爱情没有那么多借口，如果不能圆满，只能说明爱的不够。
恋恋笔记本,2004 , 美国 , 剧情 爱情, 尼克·卡索维茨 Nick Cassavetes   ,瑞恩·高斯林 Ryan Gosling /...,8.5,383157人评价,爱并不需要智商 。
我是山姆,2001 , 美国 , 剧情 家庭, 杰茜·尼尔森 Jessie Nelson   ,Sean Penn / Dakota Fanning / Mi...,8.9,153260人评价,迪士尼和皮克斯拿错剧本的产物。
无敌破坏王,2012 , 美国 , 喜剧 动画 奇幻 冒险, 瑞奇·莫尔 Rich Moore   ,约翰·C·赖利 John C. Reilly / 萨拉...,8.7,304341人评价,永远看不腻的喜剧。
虎口脱险,1966 , 法国 英国 , 喜剧 战争, 杰拉尔·乌里 Gérard Oury   ,路易·德·菲耐斯 Louis de Funès...,8.9,140318人评价,松鼠才是角儿。
冰川时代,2002 , 美国 , 喜剧 动画 冒险, 卡洛斯·沙尔丹哈 Carlos Saldanha / 克里斯·韦奇 Chris Wedge   ,无介绍...,8.5,376494人评价,有一些东西不应该被遗忘。
二十二,2015 , 中国大陆 , 纪录片, 卡洛斯·沙尔丹哈 Carlos Saldanha ,,8.7,167202人评价,大海啊，不全是水。
海洋,2009 , 法国 瑞士 西班牙 美国 阿联酋 , 纪录片, 郭柯 Ke Guo   ,...,9.0,116163人评价,骨灰级歌舞片。
雨中曲,1952 , 美国 , 喜剧 歌舞 爱情, 雅克·贝汉 Jacques Perrin / 雅克·克鲁奥德 Jacques Cluzaud   ,吉恩·...,9.0,124289人评价,本页有的电影没简介，建议查看核对，链接:https://movie.douban.com/top250?start=150&amp;filter=
爆裂鼓手,2014 , 美国 , 剧情 音乐, 达米恩·查泽雷 Damien Chazelle   ,迈尔斯·特勒 Miles Teller /...,8.6,322577人评价,这个世界从不善待努力的人，努力了也不一定会成功，但是知道自己在努力，就是活下去的动力。
未麻的部屋,1997 , 日本 , 动画 奇幻 惊悚, 今敏 Satoshi Kon   ,岩男润子 Junko Iwao / 松本梨香 Rica Matsu...,8.9,146170人评价,好的剧本是，就算你猜到了结局也猜不到全部。
模仿游戏,2014 , 英国 美国 , 剧情 传记 战争 同性, 莫滕·泰杜姆 Morten Tyldum   ,本尼迪克特·康伯巴奇 Benedict C...,8.6,353174人评价,他给机器起名“克里斯托弗”，因为这是他初恋的名字。
一个叫欧维的男人决定去死,2015 , 瑞典 , 剧情, 汉内斯·赫尔姆 Hannes Holm   ,罗夫·拉斯加德 Rolf Lassgård...,8.8,193794人评价,惠及一生的美丽。
燃情岁月,1994 , 美国 , 剧情 爱情 战争 西部, 爱德华·兹威克 Edward Zwick   ,布拉德·皮特 Brad Pitt / 安东...,8.8,184387人评价,传奇，不是每个人都可以拥有。
人工智能,2001 , 美国 , 冒险 剧情 科幻, 史蒂文·斯皮尔伯格 Steven Spielberg   ,海利·乔·奥斯蒙 Haley...,8.6,257063人评价,对爱的执着，可以超越一切。
忠犬八公物语,1987 , 日本 , 剧情, Seijirô Kôyama   ,山本圭 Kei Yamamoto / 井川比佐志 Hisa...,9.1,95754人评价,养狗三日，便会对你终其一生。
哪吒闹海,1979 , 中国大陆 , 冒险 动画 奇幻, 严定宪 Dingxian Yan / 王树忱 Shuchen Wang   ,梁正晖 Zhenghui ...,9.0,126241人评价,想你时你在闹海。
穿越时空的少女,2006 , 日本 , 剧情 爱情 科幻 动画, 细田守 Mamoru Hosoda   ,仲里依纱 Riisa Naka / 石田卓也 Takuya...,8.6,248464人评价,爱上未来的你。
房间,2015 , 爱尔兰 加拿大 英国 美国 , 剧情 家庭, 伦尼·阿伯拉罕森 Lenny Abrahamson   ,布丽·拉尔森 Brie Larson...,8.8,228004人评价,被偷走的岁月，被伤害的生命，被禁锢的灵魂，终将被希望和善意救赎。
魔女宅急便,1989 , 日本 , 动画 奇幻 冒险, 宫崎骏 Hayao Miyazaki   ,高山南 Minami Takayama / 佐久间玲 Re...,8.6,279069人评价,宫崎骏的电影总让人感觉世界是美好的，阳光明媚的。
魂断蓝桥,1940 , 美国 , 剧情 爱情 战争, 茂文·勒鲁瓦 Mervyn LeRoy   ,费雯·丽 Vivien Leigh / 罗伯特·...,8.8,163971人评价,中国式内在的美国电影。
恐怖游轮,2009 , 英国 澳大利亚 , 剧情 悬疑 惊悚, 克里斯托弗·史密斯 Christopher Smith   ,梅利莎·乔治 Melissa ...,8.4,456167人评价,不要企图在重复中寻找已经失去的爱。
海街日记,2015 , 日本 , 剧情 家庭, 是枝裕和 Hirokazu Koreeda   ,绫濑遥 Haruka Ayase / 长泽雅美 M...,8.7,212036人评价,是枝裕和的家庭习作。
猜火车,1996 , 英国 , 剧情 犯罪, 丹尼·博伊尔 Danny Boyle   ,伊万·麦克格雷格 Ewan McGregor / ...,8.5,305488人评价,不可猜的青春迷笛。
黑客帝国3：矩阵革命,2003 , 美国 澳大利亚 , 动作 科幻, Andy Wachowski / Larry Wachowski   ,基努·里维斯 Keanu Reeves...,8.7,223836人评价,不得不说，《黑客帝国》系列是商业片与科幻、哲学完美结合的典范。
天书奇谭,1983(中国大陆) , 2019(中国大陆重映) , 动画 奇幻, 王树忱 Shuchen Wang / 钱运达 Yunda Qian   ,丁建华 Jianhua Din...,9.1,89832人评价,传奇的年代，醉人的童话。
完美陌生人,2016 , 意大利 , 剧情 喜剧, 保罗·格诺维瑟 Paolo Genovese   ,马可·贾利尼 Marco Giallini ...,8.5,331919人评价,来啊，互相伤害啊！
罗生门,1950 , 日本 , 犯罪 剧情 悬疑, 黑泽明 Akira Kurosawa   ,三船敏郎 Toshirô Mifune / 千秋实 ...,8.8,174479人评价,人生的N种可能性。
阿飞正传,1990 , 香港 , 犯罪 剧情 爱情, 王家卫 Kar Wai Wong   ,张国荣 Leslie Cheung / 张曼玉 Maggie C...,8.5,293867人评价,王家卫是一种风格，张国荣是一个代表。
香水,2006 , 德国 法国 西班牙 美国 , 剧情 犯罪 奇幻, 汤姆·提克威 Tom Tykwer   ,本·卫肖 Ben Whishaw / 艾伦·瑞克...,8.5,360584人评价,一个单凭体香达到高潮的男人。
朗读者,2008 , 美国 德国 , 剧情 爱情, 史蒂芬·戴德利 Stephen Daldry   ,凯特·温丝莱特 Kate Winslet ...,8.5,332437人评价,当爱情跨越年龄的界限，它似乎能变得更久远一点，成为一种责任，一种水到渠成的相濡以沫。
可可西里,2004 , 中国大陆 香港 , 剧情 犯罪, 陆川 Chuan Lu   ,多布杰 Duobujie / 张磊 Lei Zhang / 亓亮 Qi L...,8.7,170306人评价,坚硬的信仰。
浪潮,2008 , 德国 , 剧情 惊悚, 丹尼斯·甘塞尔 Dennis Gansel   ,尤尔根·沃格尔 Jürgen Vogel ...,8.7,172580人评价,世界离独裁只有五天。
谍影重重2,2004 , 美国 德国 , 动作 悬疑 惊悚, 保罗·格林格拉斯 Paul Greengrass   ,马特·达蒙 Matt Damon / ...,8.6,217807人评价,谁说王家卫镜头很晃？
谍影重重,2002 , 美国 德国 捷克 , 动作 悬疑 惊悚, 道格·里曼 Doug Liman   ,马特·达蒙 Matt Damon / 弗兰卡·波坦...,8.6,259598人评价,哗啦啦啦啦，天在下雨，哗啦啦啦啦，云在哭泣……找自己。
牯岭街少年杀人事件,1991 , 台湾 , 剧情 犯罪, 杨德昌 Edward Yang   ,张震 Chen Chang / 杨静怡 Lisa Yang / 张...,8.8,148372人评价,弱者送给弱者的一刀。
战争之王,2005 , 美国 法国 , 剧情 犯罪, 安德鲁·尼科尔 Andrew Niccol   ,尼古拉斯·凯奇 Nicolas Cage /...,8.6,223778人评价,做一颗让别人需要你的棋子。
地球上的星星,2007 , 印度 , 剧情 儿童 家庭, 阿米尔·汗 Aamir Khan   ,达席尔·萨法瑞 Darsheel Safary / 阿...,8.9,119867人评价,天使保护事件始末。
疯狂的石头,2006 , 中国大陆 香港 , 喜剧 犯罪, 宁浩 Hao Ning   ,郭涛 Tao Guo / 刘桦 Hua Liu / 连晋 Teddy Lin,8.4,448690人评价,中国版《两杆大烟枪》。
功夫,2004 , 中国大陆 香港 , 动作 喜剧 犯罪 奇幻, 周星驰 Stephen Chow   ,周星驰 Stephen Chow / 元秋 Qiu Yuen / ...,8.4,459477人评价,警恶惩奸，维护世界和平这个任务就交给你了，好吗？
惊魂记,1960 , 美国 , 悬疑 惊悚 恐怖, Alfred Hitchcock   ,Janet Leigh / Anthony Perkins / Vera Miles,8.9,119471人评价,故事的反转与反转，分裂电影的始祖。
初恋这件小事,2010 , 泰国 , 剧情 喜剧 爱情, 普特鹏·普罗萨卡·那·萨克那卡林 Puttipong Promsaka Na Sakolnakorn ,无介绍...,8.3,629479人评价,黑小鸭速效美白记。
青蛇,1993 , 香港 , 剧情 爱情 奇幻 古装, 徐克 Hark Tsui   ,张曼玉 Maggie Cheung / 王祖贤 Joey Wang / ...,8.5,302069人评价,人生如此，浮生如斯。谁人言，花彼岸，此生情长意短。谁都是不懂爱的罢了。
头号玩家,2018 , 美国 , 动作 科幻 冒险, 史蒂文·斯皮尔伯格 Steven Spielberg   ,泰伊·谢里丹 Tye Sheri...,8.7,816842人评价,写给影迷，动漫迷和游戏迷的一封情书。
终结者2：审判日,1991 , 美国 法国 , 动作 科幻, 詹姆斯·卡梅隆 James Cameron   ,阿诺·施瓦辛格 Arnold Schwarz...,8.6,197366人评价,少见的超越首部的续集，动作片中的经典。
源代码,2011 , 美国 加拿大 , 科幻 悬疑 惊悚, 邓肯·琼斯 Duncan Jones   ,杰克·吉伦哈尔 Jake Gyllenhaal / ...,8.4,518584人评价,邓肯·琼斯继《月球》之后再度奉献出一部精彩绝伦的科幻佳作。
步履不停,2008 , 日本 , 剧情 家庭, 是枝裕和 Hirokazu Koreeda   ,阿部宽 Hiroshi Abe / 夏川结衣 Yu...,8.8,138242人评价,日本的家庭电影已经是世界巅峰了，步履不停是巅峰中的佳作。
爱在午夜降临前,2013 , 美国 希腊 , 剧情 爱情, 理查德·林克莱特 Richard Linklater   ,伊桑·霍克 Ethan Hawke ...,8.8,165828人评价,所谓爱情，就是话唠一路，都不会心生腻烦，彼此嫌弃。
新龙门客栈,1992 , 香港 中国大陆 , 动作 爱情 武侠 古装, 李惠民 Raymond Lee   ,张曼玉 Maggie Cheung / 林青霞 Brigitte ...,8.5,256327人评价,嬉笑怒骂，调风动月。
小萝莉的猴神大叔,2015 , 印度 , 剧情 喜剧 动作, 卡比尔·汗 Kabir Khan   ,萨尔曼·汗 Salman Khan / 哈莎莉·马...,8.5,268506人评价,宝莱坞的萝莉与大叔。
一次别离,2011 , 伊朗 法国 , 剧情 家庭, 阿斯哈·法哈蒂  Asghar Farhadi   ,佩曼·莫阿迪 Peyman Moadi /...,8.7,167462人评价,只有有信仰的人才能说出事实真相。
追随,1998 , 英国 , 犯罪 悬疑 惊悚, 克里斯托弗·诺兰 Christopher Nolan   ,杰里米·西奥伯德 Jeremy...,8.9,107785人评价,诺兰的牛逼来源于内心散发出的恐惧。
奇迹男孩,2017 , 美国 香港 , 剧情 儿童 家庭, 斯蒂芬·卓博斯基 Stephen Chbosky   ,雅各布·特伦布莱 Jacob Tr...,8.6,319597人评价,世界不完美，爱会有奇迹。
再次出发之纽约遇见你,2013 , 美国 , 喜剧 爱情 音乐, 约翰·卡尼 John Carney   ,凯拉·奈特莉 Keira Knightley / 马克...,8.5,243703人评价,爱我就给我看你的播放列表。
无耻混蛋,2009 , 美国 德国 , 剧情 犯罪, Quentin Tarantino   ,布拉德·皮特 Brad Pitt / 梅拉尼·罗兰 M...,8.5,292378人评价,昆汀同学越来越变态了，比北野武还杜琪峰。
撞车,2004 , 美国 德国 , 犯罪 剧情, 保罗·哈吉斯 Paul Haggis   ,桑德拉·布洛克 Sandra Bullock / ...,8.6,218511人评价,天使与魔鬼的冲撞。
东京物语,1953 , 日本 , 剧情 家庭, 小津安二郎 Yasujirô Ozu   ,笠智众 Chishû Ryû / 原节...,9.2,72500人评价,东京那么大，如果有一天走失了，恐怕一辈子不能再相见。
血钻,2006 , 美国 德国 , 剧情 惊悚 冒险, 爱德华·兹威克 Edward Zwick   ,莱昂纳多·迪卡普里奥 Leonardo ...,8.6,194752人评价,每个美丽事物背后都是滴血的现实。
彗星来的那一夜,2013 , 美国 英国 , 科幻 悬疑 惊悚, 詹姆斯·沃德·布柯特 James Ward Byrkit   ,艾米丽·芭尔多尼 Em...,8.5,273871人评价,小成本大魅力。
城市之光,1931 , 美国 , 喜剧 剧情 爱情, Charles Chaplin   ,查理·卓别林 Charles Chaplin / 弗吉尼亚·...,9.3,64538人评价,永远的小人物，伟大的卓别林。
2001太空漫游,1968 , 英国 美国 , 科幻 惊悚 冒险, 斯坦利·库布里克 Stanley Kubrick   ,凯尔·杜拉 Keir Dullea / ...,8.7,148220人评价,现代科幻电影的开山之作，最伟大导演的最伟大影片。
梦之安魂曲,2000 , 美国 , 剧情, 达伦·阿伦诺夫斯基 Darren Aronofsky   ,艾伦·伯斯汀 Ellen Bur...,8.7,144152人评价,一场没有春天的噩梦。
绿里奇迹,1999 , 美国 , 犯罪 剧情 奇幻 悬疑, Frank Darabont   ,汤姆·汉克斯 Tom Hanks / 大卫·摩斯 David M...,8.7,144251人评价,天使暂时离开。
釜山行,2016 , 韩国 , 动作 惊悚 灾难, 延尚昊 Sang-ho Yeon   ,孔侑 Yoo Gong / 郑有美 Yu-mi Jung / 马...,8.4,554375人评价,揭露人性的丧尸题材力作。
疯狂的麦克斯4：狂暴之路,2015 , 澳大利亚 美国 , 动作 科幻 冒险, 乔治·米勒 George Miller   ,汤姆·哈迪 Tom Hardy / 查理兹·塞...,8.6,293804人评价,“多么美好的一天！”轰轰轰砰咚，啪哒哒哒轰隆隆，磅~
聚焦,2015 , 美国 , 剧情 传记, 托马斯·麦卡锡 Thomas McCarthy   ,马克·鲁弗洛 Mark Ruffalo /...,8.8,171739人评价,新闻人的理性求真。
新世界,2013 , 韩国 , 剧情 犯罪, 朴勋政 Hoon-jung Park   ,李政宰 Jung-Jae Lee / 崔岷植 Min-sik...,8.7,146563人评价,要做就做得狠一点，这样才能活下去。
E.T. 外星人,1982 , 美国 , 剧情 科幻, Steven Spielberg   ,Henry Thomas / Dee Wallace / Robert MacNa...,8.5,210009人评价,生病的E.T.皮肤的颜色就像柿子饼。
这个男人来自地球,2007 , 美国 , 剧情 科幻, 理查德·沙因克曼 Richard Schenkman   ,大卫·李·史密斯 David ...,8.5,243871人评价,科幻真正的魅力不是视觉效果能取代的。
末路狂花,1991 , 美国 法国 , 犯罪 剧情 惊悚, 雷德利·斯科特 Ridley Scott   ,吉娜·戴维斯 Geena Davis / 苏...,8.7,137358人评价,没有了退路，只好飞向自由。
黑鹰坠落,2001 , 美国 , 动作 历史 战争, 雷德利·斯科特 Ridley Scott   ,乔什·哈奈特 Josh Hartnett / ...,8.6,168294人评价,还原真实而残酷的战争。
发条橙,1971 , 英国 美国 , 犯罪 剧情 科幻, Stanley Kubrick   ,Malcolm McDowell / Patrick Magee / Michael...,8.5,236841人评价,我完全康复了。
变脸,1997 , 美国 , 动作 科幻 犯罪 惊悚, 吴宇森 John Woo   ,约翰·特拉沃尔塔 John Travolta / 尼古拉斯...,8.4,271346人评价,当发哥的风衣、墨镜出现在了凯奇身上⋯⋯
遗愿清单,2007 , 美国 , 冒险 喜剧 剧情, 罗伯·莱纳 Rob Reiner   ,杰克·尼科尔森 Jack Nicholson / 摩根...,8.6,189486人评价,用剩余不多的时间，去燃烧整个生命。
勇闯夺命岛,1996 , 美国 , 动作 冒险, 迈克尔·贝 Michael Bay   ,肖恩·康纳利 Sean Connery / 尼古拉...,8.6,181282人评价,类型片的极致。
国王的演讲,2010 , 英国 澳大利亚 美国 , 剧情 传记 历史, 汤姆·霍珀 Tom Hooper   ,柯林·菲尔斯 Colin Firth / 杰弗里·...,8.4,433931人评价,皇上无话儿。
黄金三镖客,1966 , 意大利 西班牙 西德 , 冒险 西部, Sergio Leone   ,Clint Eastwood / Eli Wallach / Lee Van Cleef,9.1,70673人评价,最棒的西部片。
我爱你,2011 , 韩国 , 剧情 爱情, 秋昌民 Chang-min Choo   ,宋在河 Jae-ho Song / 李顺载 Soon-jae...,9.0,84040人评价,你要相信，这世上真的有爱存在，不管在什么年纪
千钧一发,1997 , 美国 , 剧情 科幻 惊悚, 安德鲁·尼科尔 Andrew Niccol   ,伊桑·霍克 Ethan Hawke / 乌玛...,8.7,130110人评价,一部能引人思考的科幻励志片。
非常嫌疑犯,1995 , 德国 美国 , 剧情 犯罪 悬疑 惊悚, 布莱恩·辛格 Bryan Singer   ,史蒂芬·鲍德温 Stephen Baldwin /...,8.6,162312人评价,我不信仰上帝，但我敬畏上帝。
秒速5厘米,2007 , 日本 , 动画 剧情 爱情, 新海诚 Makoto Shinkai   ,水桥研二 Kenji Mizuhashi / 近藤好美 ...,8.3,409944人评价,青春就是放弃和怀念。
卡萨布兰卡,1942 , 美国 , 剧情 爱情 战争, 迈克尔·柯蒂兹 Michael Curtiz   ,亨弗莱·鲍嘉 Humphrey Bogart...,8.6,159711人评价,世界上有那么多女人那么多酒馆，但她偏偏走进我的这家。
驴得水,2016 , 中国大陆 , 剧情 喜剧, 周申 Shen Zhou / 刘露 Lu Liu   ,任素汐 Suxi Ren / 大力 Da Li ...,8.3,498198人评价,过去的如果就让它过去了，未来只会越来越糟！
四个春天,2017 , 中国大陆 , 纪录片 家庭, 陆庆屹 Lu Qing Yi   ,陆运坤 Yunkun Lu / 李桂贤 Guixian Li / ...,8.9,86363人评价,来也匆匆去也匆匆，就这样风雨兼程。
